Feature ID	Taxon	Confidence
b8da17fe4e7aa46b58f7316205d0f675	k__Fungi;p__Ascomycota;c__Pezizomycetes;o__Pezizales;f__Pyronemataceae;g__Geopora;s__Geopora_sp;sh__SH1268413.09FU	0.9999997435158052
5e6e33de20e86732b53546239a1cc1e9	k__Fungi;p__Ascomycota;c__Pezizomycetes;o__Pezizales;f__Pezizaceae;g__Pezizaceae_gen_Incertae_sedis;s__Pezizaceae_sp;sh__SH0935070.09FU	0.8475905135939
558f634792c8b5cee619778f270e8ee0	k__Fungi;p__Ascomycota;c__Saccharomycetes;o__Saccharomycetales;f__Saccharomycetaceae;g__Saccharomyces	0.9999999999995016
a86030906e60b598b0df5384aa221c4e	k__Fungi;p__Ascomycota;c__Pezizomycetes;o__Pezizales;f__Pezizaceae;g__Peziza;s__Peziza_sp;sh__SH1067918.09FU	0.9497553859058244
0b057cbf2d24f39210922e97d98171aa	k__Fungi;p__Basidiomycota;c__Agaricomycetes;o__Agaricales;f__Tricholomataceae;g__Baeospora;s__Baeospora_myosura;sh__SH1044662.09FU	0.9964217760699826
0ccbe1000971bf1578254d6472b3ee45	k__Fungi;p__Ascomycota;c__Pezizomycetes;o__Pezizales;f__Tuberaceae;g__Tuber;s__Tuber_beyerlei;sh__SH0991743.09FU	0.9999204610951229
5af407995504d7f9406ee1038b608ccc	k__Fungi;p__Ascomycota;c__Eurotiomycetes;o__Eurotiales;f__Aspergillaceae;g__Penicillium	0.9881422372018552
742ac154a6736d2698134263519cd14a	k__Fungi;p__Basidiomycota;c__Agaricomycetes;o__Thelephorales;f__Thelephoraceae;g__Tomentella;s__Tomentella_sp	0.9973384864255
447696463125ebc223795ec4c14c00c9	k__Fungi;p__Ascomycota;c__Leotiomycetes;o__Helotiales;f__Hyaloscyphaceae;g__Hyaloscypha;s__Hyaloscypha_sp;sh__SH1080711.09FU	0.7451798482142626
ddc985a28503149785e6f8eccd426ce6	k__Fungi;p__Ascomycota;c__Saccharomycetes;o__Saccharomycetales;f__Saccharomycetales_fam_Incertae_sedis;g__Candida;s__Candida_tropicalis;sh__SH0988692.09FU	0.9888697278492572
80656d9a953b600388a8d5b3284216b9	k__Fungi;p__Ascomycota;c__Saccharomycetes;o__Saccharomycetales;f__Saccharomycetales_fam_Incertae_sedis;g__Candida;s__Candida_albicans;sh__SH0987662.09FU	0.9979550416530016
c350917bd89a728730e2cb58c8732fc4	k__Fungi;p__Ascomycota;c__Sordariomycetes;o__Hypocreales;f__Nectriaceae;g__Lasionectria;s__Lasionectria_hilhorstii;sh__SH0885412.09FU	0.9967724789462662
9cf1078b9d4a52eef64f0ec6dff61e6e	k__Fungi;p__Ascomycota;c__Eurotiomycetes;o__Eurotiales;f__Aspergillaceae;g__Aspergillaceae_gen_Incertae_sedis;s__Aspergillaceae_sp	0.7174790489466157
7b7814ef9ef2a22361826ac369efd437	k__Fungi;p__Ascomycota;c__Leotiomycetes;o__Helotiales	0.9999999987514046
7b7a0888d40e256e5256b516ab77239a	k__Fungi;p__Basidiomycota;c__Agaricomycetes;o__Sebacinales;f__Sebacinaceae;g__Sebacina;s__Sebacina_sp	0.9999997610390274
d5f53f8a05cbe43b5af476775439c6dd	k__Eukaryota_kgd_Incertae_sedis;p__Eukaryota_phy_Incertae_sedis;c__Eukaryota_cls_Incertae_sedis;o__Eukaryota_ord_Incertae_sedis;f__Eukaryota_fam_Incertae_sedis;g__Eukaryota_gen_Incertae_sedis;s__Eukaryota_sp;sh__SH1047309.09FU	0.9973587924880729
3b650483d4a1fe58da3d214f3eb8ccdc	k__Fungi;p__Ascomycota;c__Pezizomycetes;o__Pezizales;f__Pyronemataceae;g__Genabea	0.9999999993944694
9d14be7a4b004b4e9b5f0e38b96ec42a	k__Fungi;p__Basidiomycota;c__Agaricomycetes;o__Sebacinales;f__Sebacinales_fam_Incertae_sedis;g__Sebacinales_gen_Incertae_sedis;s__Sebacinales_sp;sh__SH1218676.09FU	0.988105976750193
c4a1dd2eee2d2e6fe30b310e1ea240fd	k__Fungi;p__Basidiomycota;c__Agaricomycetes;o__Agaricales;f__Hymenogastraceae;g__Hymenogaster;s__Hymenogaster_parksii;sh__SH1179397.09FU	0.8948206916427661
84d5e3a3302d4bc78919611281f87fc0	k__Fungi;p__Ascomycota;c__Eurotiomycetes;o__Chaetothyriales;f__Herpotrichiellaceae;g__Cladophialophora;s__Cladophialophora_sp;sh__SH1069860.09FU	0.7329859508310164
72b850a772997b1b696d093f475ac586	k__Fungi;p__Ascomycota;c__Sordariomycetes;o__Chaetosphaeriales;f__Chaetosphaeriales_fam_Incertae_sedis;g__Dendrophoma;s__Dendrophoma_sp	0.7309268327779971
6ba8412278a6bbbe933a1ba035e2e4cd	k__Fungi;p__Ascomycota;c__Pezizomycetes;o__Pezizales;f__Tuberaceae;g__Tuber;s__Tuber_sp;sh__SH0928525.09FU	0.9999848818158171
eaaa67de4db30c022d8dc22a4dd160f4	k__Fungi;p__Basidiomycota;c__Agaricomycetes;o__Agaricales;f__Inocybaceae	0.9996133571330013
b930655cdbda2d0f0758d5276c15600d	k__Fungi;p__Ascomycota;c__Eurotiomycetes;o__Eurotiales;f__Aspergillaceae;g__Aspergillus;s__Aspergillus_tritici;sh__SH2154169.09FU	0.8442589114555433
741fb3c25266d6b42964577de0d16527	k__Fungi;p__Basidiomycota;c__Agaricomycetes;o__Agaricales;f__Hygrophoraceae;g__Hygrocybe;s__Hygrocybe_sp;sh__SH1232692.09FU	0.8206537264280928
50fccb7a29eb8408ef5b46f0ad53b7d1	k__Fungi;p__Ascomycota;c__Saccharomycetes;o__Saccharomycetales;f__Phaffomycetaceae;g__Cyberlindnera;s__Cyberlindnera_jadinii;sh__SH0972076.09FU	0.999999999990905
4c6d764b6bc6bdd9bd1f76911706c9ea	k__Fungi;p__Basidiomycota;c__Agaricomycetes;o__Agaricales;f__Tricholomataceae;g__Tricholoma;s__Tricholoma_ammophilum;sh__SH1711388.09FU	0.9999878141743143
848d4cad6ecab2d7395c6329f3e1bd0c	k__Fungi;p__Ascomycota;c__Eurotiomycetes;o__Eurotiales;f__Aspergillaceae;g__Penicillium	0.8236587255939081
09f213e9fa7eabc32b3780662d60d2f4	k__Fungi;p__Ascomycota;c__Eurotiomycetes;o__Chaetothyriales;f__Herpotrichiellaceae;g__Rhinocladiella;s__Rhinocladiella_similis;sh__SH1098744.09FU	0.9939463284853266
dfecea4e506fef7360592197e3bf8baf	k__Fungi;p__Basidiomycota;c__Agaricomycetes;o__Boletales;f__Suillaceae;g__Suillus;s__Suillus_variegatus;sh__SH1212875.09FU	0.9829257841345043
519c91429c4d7e26a7c0db155c00cdba	k__Fungi;p__Ascomycota;c__Dothideomycetes;o__Pleosporales;f__Melanommataceae;g__Pleotrichocladium;s__Pleotrichocladium_opacum;sh__SH0985614.09FU	0.9988441923290419
f1c57273935879d23965899d63727f74	k__Fungi;p__Ascomycota;c__Eurotiomycetes;o__Eurotiales;f__Aspergillaceae;g__Aspergillus;s__Aspergillus_sp;sh__SH1083085.09FU	0.9998728154023683
0011b924a4e6f30ee01068552ba3e2c5	k__Fungi;p__Basidiomycota;c__Agaricomycetes;o__Agaricales;f__Hymenogastraceae;g__Hebeloma;s__Hebeloma_sp;sh__SH1162510.09FU	0.7380406811922633
8cb184b2efe7e6323aebd4395deb20e5	k__Fungi;p__Basidiomycota;c__Agaricomycetes;o__Boletales;f__Suillaceae;g__Suillus;s__Suillus_cothurnatus;sh__SH1212902.09FU	0.9996671667694415
bb34725eaaaa633b8c635ea30f7629ca	k__Fungi;p__Basidiomycota;c__Malasseziomycetes;o__Malasseziales;f__Malasseziaceae;g__Malassezia;s__Malassezia_restricta;sh__SH1102553.09FU	0.9999938195970082
f6018fa5cbda518defd063f60aedd0ee	k__Fungi;p__Ascomycota;c__Pezizomycetes;o__Pezizales;f__Pyronemataceae;g__Wilcoxina;s__Wilcoxina_rehmii;sh__SH1347045.09FU	0.9626958708185643
ec3c978eec4c009f0517a8bf2584aac5	k__Fungi;p__Ascomycota;c__Leotiomycetes;o__Helotiales;f__Ploettnerulaceae;g__Cadophora;s__Cadophora_constrictospora;sh__SH3121930.09FU	0.9684188393021056
d4f173d6cffb4234251d59ece648caf5	k__Fungi;p__Ascomycota;c__Dothideomycetes;o__Gloniales;f__Gloniaceae;g__Cenococcum;s__Cenococcum_sp	0.7471975971291034
776576d2746095456ee3cb7c4ba89248	k__Fungi;p__Ascomycota;c__Eurotiomycetes;o__Eurotiales;f__Aspergillaceae;g__Aspergillus	0.9998418217420152
e1a970f70c618888b8dfdfcc2f6ebdc5	k__Fungi;p__Basidiomycota;c__Agaricomycetes;o__Agaricales;f__Hymenogastraceae;g__Hymenogaster;s__Hymenogaster_sp;sh__SH1178962.09FU	0.8130860877885383
2372fcd063bd7ea8efdcb179841c1838	k__Fungi;p__Ascomycota;c__Leotiomycetes;o__Helotiales	0.9999997048752369
4522d115e3d619134121cc333c66d929	k__Fungi;p__Basidiomycota;c__Agaricomycetes;o__Tremellodendropsidales;f__Tremellodendropsidales_fam_Incertae_sedis;g__Tremellodendropsidales_gen_Incertae_sedis;s__Tremellodendropsidales_sp;sh__SH1308538.09FU	0.9999374878463263
31d9ac962ef1b75d78cc9b5262c43933	k__Fungi;p__Ascomycota;c__Dothideomycetes;o__Mycosphaerellales;f__Mycosphaerellaceae;g__Acervuloseptoria;s__Acervuloseptoria_fraxini;sh__SH1212663.09FU	0.9764358989158215
90053d42c24815d603b695b2bd0e5a6d	k__Fungi;p__Basidiomycota;c__Agaricomycetes;o__Thelephorales;f__Thelephoraceae;g__Tomentella;s__Tomentella_sp;sh__SH1177728.09FU	0.9930501929081611
892b5fdd42cd488292c17157286913f8	k__Fungi;p__Ascomycota;c__Saccharomycetes;o__Saccharomycetales;f__Saccharomycetaceae;g__Saccharomycetaceae_gen_Incertae_sedis;s__Saccharomycetaceae_sp;sh__SH1061920.09FU	0.9494674869351581
ac79f185e4ee6fd51e2f49641e1b5852	k__Fungi;p__Ascomycota;c__Sordariomycetes;o__Diaporthales;f__Diaporthaceae;g__Diaporthe;s__Diaporthe_columnaris;sh__SH1273750.09FU	0.936617117453165
b86fef94ffcdabd13898a01cb63a7150	k__Fungi;p__Ascomycota;c__Eurotiomycetes;o__Eurotiales;f__Aspergillaceae;g__Penicillium;s__Penicillium_sp	0.9110054645223232
40d1588360f14f0a749102362c6817ce	k__Fungi;p__Ascomycota;c__Sordariomycetes;o__Myrmecridiales;f__Myrmecridiales_fam_Incertae_sedis;g__Atractospora;s__Atractospora_sp;sh__SH0967510.09FU	0.8696798278671911
0d6f5bdf27433b3835be8fca6cb30fd6	k__Fungi;p__Ascomycota	0.9998558728542178
e9b046b1080522dc30b00c96d6b910c6	k__Fungi;p__Ascomycota;c__Leotiomycetes;o__Helotiales;f__Porodiplodiaceae;g__Endoradiciella;s__Endoradiciella_communis;sh__SH0978784.09FU	0.9789741014743547
956ff139b16b54395f50578ec9e063e5	k__Fungi;p__Ascomycota;c__Pezizomycetes;o__Pezizales;f__Pyronemataceae;g__Pulvinula;s__Pulvinula_sp;sh__SH0941638.09FU	0.9999999995563655
3452da03788b9f559091386311916717	k__Fungi;p__Basidiomycota;c__Agaricomycetes;o__Agaricales;f__Clavariaceae;g__Clavariaceae_gen_Incertae_sedis;s__Clavariaceae_sp;sh__SH0914820.09FU	0.9420627677299303
7e1b36443f48ea034a1e5f093c5ed63b	k__Fungi;p__Ascomycota;c__Saccharomycetes;o__Saccharomycetales;f__Debaryomycetaceae;g__Debaryomycetaceae_gen_Incertae_sedis;s__Debaryomycetaceae_sp;sh__SH1040978.09FU	0.834216598144272
e9602ffc20a99f4b8de968588dd5e3d6	k__Fungi;p__Basidiomycota;c__Agaricomycetes;o__Russulales;f__Russulaceae;g__Russula;s__Russula_sp;sh__SH1008302.09FU	0.9997929624014301
4deb31a09411367aaf979eb16712526f	k__Fungi;p__Ascomycota;c__Sordariomycetes;o__Sordariales;f__Chaetomiaceae;g__Humicola;s__Humicola_fuscoatra;sh__SH1240638.09FU	0.8574518774940543
8f97989814da43f30216463b8721b1ff	k__Fungi;p__Ascomycota;c__Eurotiomycetes;o__Chaetothyriales;f__Herpotrichiellaceae;g__Cladophialophora;s__Cladophialophora_sp;sh__SH1069675.09FU	0.880598176671503
7f43cb98262b33a925e08e0dc194007b	k__Fungi;p__Ascomycota;c__Sordariomycetes;o__Coniochaetales;f__Coniochaetaceae;g__Coniochaeta;s__Coniochaeta_fasciculata;sh__SH0906013.09FU	0.9965871676010511
dc1054a38cbcc63bc2818262e6f31d7c	k__Fungi;p__Ascomycota;c__Leotiomycetes;o__Helotiales;f__Helotiales_fam_Incertae_sedis;g__Helotiales_gen_Incertae_sedis;s__Helotiales_sp;sh__SH0982647.09FU	0.9997158366346185
fe79865e8e1535a8b38d899d5c2a9bfd	k__Fungi;p__Ascomycota;c__Dothideomycetes;o__Pleosporales;f__Didymosphaeriaceae;g__Paraphaeosphaeria;s__Paraphaeosphaeria_sp;sh__SH1068090.09FU	0.7320689207083276
32b791e2f8af62f7e65eea39e5a7c47c	k__Fungi;p__Ascomycota;c__Eurotiomycetes;o__Eurotiales;f__Aspergillaceae;g__Penicillium;s__Penicillium_sp;sh__SH1229211.09FU	0.7039291923791265
4b247da31884fef6a0524f39b23358a5	k__Eukaryota_kgd_Incertae_sedis;p__Eukaryota_phy_Incertae_sedis;c__Eukaryota_cls_Incertae_sedis;o__Eukaryota_ord_Incertae_sedis;f__Eukaryota_fam_Incertae_sedis;g__Eukaryota_gen_Incertae_sedis;s__Eukaryota_sp;sh__SH1316267.09FU	0.9156950319990088
3260d403a8bb679cfc70d54f7edf72a7	k__Fungi;p__Ascomycota;c__Leotiomycetes;o__Helotiales	0.8006770496795252
8d717f501c5c78238d12a405e60aaf8a	k__Fungi;p__Ascomycota;c__Eurotiomycetes;o__Eurotiales;f__Aspergillaceae;g__Penicillium;s__Penicillium_sp	0.8610878229651622
4a792df93cf54591ec11a53b59e4ba6e	k__Fungi;p__Basidiomycota;c__Agaricomycetes;o__Agaricales;f__Hymenogastraceae;g__Hebeloma;s__Hebeloma_sp;sh__SH1179176.09FU	0.9525283899856002
b99cf09003c264938272df90a6358eee	Unassigned	0.4159701978230008
db064e2c81c790f5d63f0b3f523b2cf9	k__Fungi;p__Basidiomycota;c__Agaricomycetes;o__Agaricales;f__Lyophyllaceae;g__Hypsizygus;s__Hypsizygus_marmoreus;sh__SH1086526.09FU	0.9420233260868404
45ced4b240fc3da2842e03fcb5ff1412	k__Eukaryota_kgd_Incertae_sedis;p__Eukaryota_phy_Incertae_sedis;c__Eukaryota_cls_Incertae_sedis;o__Eukaryota_ord_Incertae_sedis;f__Eukaryota_fam_Incertae_sedis;g__Eukaryota_gen_Incertae_sedis;s__Eukaryota_sp	0.770156416224385
e7dc57f99c96419c3962dfa275f0945b	k__Eukaryota_kgd_Incertae_sedis;p__Eukaryota_phy_Incertae_sedis;c__Eukaryota_cls_Incertae_sedis;o__Eukaryota_ord_Incertae_sedis;f__Eukaryota_fam_Incertae_sedis;g__Eukaryota_gen_Incertae_sedis;s__Eukaryota_sp;sh__SH1127063.09FU	0.9747444556928078
1e539493c0f3b48e1fa93e90864bd16f	k__Fungi;p__Basidiomycota;c__Tremellomycetes;o__Tremellales;f__Trimorphomycetaceae;g__Saitozyma;s__Saitozyma_sp;sh__SH1044971.09FU	0.9612215505823654
f86d3e6d19706622fbf17e9cecd80797	k__Fungi;p__Basidiomycota;c__Agaricomycetes;o__Sebacinales;f__Serendipitaceae;g__Serendipita;s__Serendipita_sp;sh__SH1218570.09FU	0.9973594484940401
1f954bbd1d91e57a4f3e1da74f114007	k__Eukaryota_kgd_Incertae_sedis;p__Eukaryota_phy_Incertae_sedis;c__Eukaryota_cls_Incertae_sedis;o__Eukaryota_ord_Incertae_sedis;f__Eukaryota_fam_Incertae_sedis;g__Eukaryota_gen_Incertae_sedis;s__Eukaryota_sp;sh__SH1047312.09FU	0.834567705390535
3dde1d0b747175b627e0b4adcf0f5982	k__Fungi;p__Ascomycota;c__Eurotiomycetes;o__Eurotiales;f__Aspergillaceae;g__Talaromyces	0.9939471985544408
6fd896569be1a47d2b79b03c136debe7	k__Fungi;p__Ascomycota;c__Dothideomycetes;o__Capnodiales;f__Capnodiaceae;g__Chaetocapnodium	0.9999855178418977
b84d6f9f10d59c7eac755c86ac44b80f	Unassigned	0.6272734855680706
b2dd1c40b823af719b9c58ad3f8ca4ca	k__Fungi;p__Ascomycota;c__Eurotiomycetes;o__Chaetothyriales;f__Herpotrichiellaceae;g__Exophiala;s__Exophiala_radicis;sh__SH3152738.09FU	0.9277932827126885
dfed8111f4b13e41bdb1c371c0a1e56e	k__Fungi;p__Ascomycota;c__Ascomycota_cls_Incertae_sedis;o__Ascomycota_ord_Incertae_sedis;f__Ascomycota_fam_Incertae_sedis;g__Ascomycota_gen_Incertae_sedis;s__Ascomycota_sp;sh__SH1177130.09FU	0.848363943554822
8d06c1ddcc5e3795b6cffc4a65f7a150	k__Fungi;p__Basidiomycota;c__Agaricomycetes;o__Sebacinales;f__Serendipitaceae;g__Serendipita;s__Serendipita_sp	0.8157385779996671
33fee0334df38078f4519aac0d9a2e65	k__Fungi;p__Ascomycota;c__Leotiomycetes;o__Helotiales;f__Myxotrichaceae;g__Oidiodendron;s__Oidiodendron_sp;sh__SH1239639.09FU	0.9611447384871475
1d5c9d16beededf2bd4a17bbc736725a	k__Fungi;p__Basidiomycota;c__Agaricomycetes;o__Cantharellales;f__Ceratobasidiaceae;g__Rhizoctonia;s__Rhizoctonia_fusispora;sh__SH1165084.09FU	0.8867546934598399
4558e390ee2f4f04c49d306b47ef86a4	k__Fungi;p__Basidiomycota;c__Malasseziomycetes;o__Malasseziales;f__Malasseziaceae;g__Malassezia;s__Malassezia_arunalokei;sh__SH1102555.09FU	0.9999966510737949
2ad97a57121b30fecf255777b6935d6d	k__Fungi;p__Ascomycota;c__Eurotiomycetes;o__Eurotiales;f__Aspergillaceae;g__Penicillium;s__Penicillium_sp	0.8805291803950139
200e099a38f0caa0366f04e7ccd5e678	k__Fungi;p__Ascomycota	0.9980468252333097
68a675a72837ae33ad01ae391b935512	k__Fungi	0.7832242563537746
89a6cf9e16939c8487265649c1da4cc7	k__Fungi;p__Ascomycota;c__Sordariomycetes;o__Hypocreales;f__Nectriaceae;g__Nectria;s__Nectria_ramulariae;sh__SH1239897.09FU	0.9965645758042477
030b112b3ba46cd6ac9415c9eec2cc1d	k__Fungi;p__Ascomycota;c__Eurotiomycetes;o__Eurotiales;f__Aspergillaceae;g__Penicillium;s__Penicillium_sp;sh__SH1227802.09FU	0.919395084408239
53fa1405dec47a669f66aca7ff1af8a8	k__Fungi;p__Ascomycota;c__Dothideomycetes;o__Pleosporales;f__Didymosphaeriaceae;g__Paraphaeosphaeria;s__Paraphaeosphaeria_sp;sh__SH1068111.09FU	0.9908366730624476
98ca09733eb3565bf909cb46e8b69e58	k__Fungi;p__Ascomycota;c__Leotiomycetes;o__Helotiales;f__Helotiales_fam_Incertae_sedis;g__Leohumicola;s__Leohumicola_sp;sh__SH0982792.09FU	0.7947131865306882
1cbd4a8a7e037e6ea3baacc10ac6e08e	k__Fungi;p__Basidiomycota;c__Tremellomycetes;o__Filobasidiales;f__Filobasidiaceae;g__Filobasidium;s__Filobasidium_chernovii;sh__SH0907570.09FU	0.9206086095348334
6ff36c9c470cf4f4cac1a788acaff79a	k__Fungi;p__Basidiomycota;c__Wallemiomycetes;o__Wallemiales;f__Wallemiaceae;g__Wallemia;s__Wallemia_tropicalis;sh__SH0958499.09FU	0.838360807612135
c11b0cdffcf9242f7d26ae6164eb29a1	k__Fungi;p__Ascomycota;c__Eurotiomycetes;o__Eurotiales;f__Aspergillaceae;g__Aspergillus;s__Aspergillus_penicillioides;sh__SH1228777.09FU	0.7524084606312861
9c048c2352766ccefb8d1c1fbcc56cf6	Unassigned	0.4100318905484064
d97927577054486f77a513070c060b06	k__Fungi;p__Ascomycota;c__Sordariomycetes;o__Hypocreales;f__Bionectriaceae;g__Clonostachys;s__Clonostachys_rosea;sh__SH1077172.09FU	0.8221337623846994
d25b0cde0dabd8b9c03b9e04f1c10477	k__Fungi;p__Ascomycota;c__Eurotiomycetes;o__Eurotiales;f__Aspergillaceae;g__Talaromyces;s__Talaromyces_infraolivaceus;sh__SH1286657.09FU	0.9667303191063497
fa5db9f7c14d3d6057abb214fc696ef0	k__Fungi;p__Ascomycota;c__Pezizomycetes;o__Pezizales;f__Helvellaceae;g__Helvella;s__Helvella_sp;sh__SH1084701.09FU	0.991375491166621
0e5ebdb4cd426f308dbf1307e041621f	k__Fungi;p__Ascomycota;c__Leotiomycetes;o__Thelebolales;f__Pseudeurotiaceae;g__Pseudogymnoascus;s__Pseudogymnoascus_roseus;sh__SH1477560.09FU	0.9768943685364339
a9e6a457da6b9b093cb2208d1bba5952	k__Fungi;p__Ascomycota;c__Eurotiomycetes;o__Eurotiales;f__Penicillaginaceae;g__Penicillago;s__Penicillago_nodositata;sh__SH1294063.09FU	0.9999999959203336
4d524f7dd22944abd8b487dea283eec7	k__Fungi;p__Ascomycota;c__Leotiomycetes;o__Helotiales;f__Dermateaceae;g__Dermateaceae_gen_Incertae_sedis;s__Dermateaceae_sp;sh__SH0976175.09FU	0.8649643101063015
0acdf74bc5ef282d29e05207f0537b9d	k__Fungi;p__Ascomycota;c__Dothideomycetes;o__Pleosporales;f__Sporormiaceae;g__Preussia;s__Preussia_minipascua;sh__SH1003628.09FU	0.9979186428157341
10cc6b0bffbf6319275513c5272421a2	k__Fungi;p__Ascomycota;c__Eurotiomycetes;o__Chaetothyriales;f__Chaetothyriales_fam_Incertae_sedis;g__Chaetothyriales_gen_Incertae_sedis;s__Chaetothyriales_sp	0.977272980970274
98906e38db8e05a595f3c0efb3021003	Unassigned	0.4559434877083861
d6f62f9a9f62ae49c42ac211013988a1	k__Fungi;p__Ascomycota;c__Ascomycota_cls_Incertae_sedis;o__Ascomycota_ord_Incertae_sedis;f__Ascomycota_fam_Incertae_sedis;g__Ascomycota_gen_Incertae_sedis;s__Ascomycota_sp;sh__SH1277406.09FU	0.9900933100616148
e8d29dcfa3b4868a07e2261010a34b7f	k__Fungi;p__Ascomycota;c__Eurotiomycetes;o__Eurotiales;f__Aspergillaceae;g__Penicillium;s__Penicillium_sp	0.9203970112177964
2ea3b1ab156d32b563bf7180bb19f335	k__Fungi;p__Basidiomycota;c__Agaricomycetes;o__Agaricales;f__Agaricales_fam_Incertae_sedis;g__Agaricales_gen_Incertae_sedis;s__Agaricales_sp;sh__SH1258659.09FU	0.9988848818736404
b24bc5344f3e086663c5be48a8d57118	k__Fungi;p__Ascomycota;c__Sordariomycetes;o__Sordariales;f__Sordariales_fam_Incertae_sedis;g__Sordariales_gen_Incertae_sedis;s__Sordariales_sp;sh__SH0962342.09FU	0.8265307824833784
aad65ff187c011e63d9c20d0d81b100a	k__Fungi;p__Basidiomycota;c__Agaricomycetes;o__Thelephorales;f__Thelephoraceae;g__Tomentella;s__Tomentella_sp	0.9549006400513268
bf4fd261265e5963aa97cb764923f27d	k__Fungi;p__Basidiomycota;c__Geminibasidiomycetes;o__Geminibasidiales;f__Geminibasidiaceae;g__Geminibasidium;s__Geminibasidium_sp	0.7522917935596386
93c397b5abc9f7f7fc8d2460bb1c4d04	k__Fungi;p__Ascomycota;c__Archaeorhizomycetes;o__Archaeorhizomycetales;f__Archaeorhizomycetaceae;g__Archaeorhizomyces;s__Archaeorhizomyces_sp	0.9987275794956427
ae127b6aaf52dbdee98c532bff7c8d20	k__Fungi;p__Ascomycota;c__Eurotiomycetes;o__Chaetothyriales;f__Chaetothyriales_fam_Incertae_sedis;g__Chaetothyriales_gen_Incertae_sedis;s__Chaetothyriales_sp;sh__SH0964636.09FU	0.9872088170414368
af86c4685c91fd9da9baec8cc040917b	k__Fungi;p__Ascomycota;c__Leotiomycetes;o__Leotiomycetes_ord_Incertae_sedis;f__Leotiomycetes_fam_Incertae_sedis;g__Leotiomycetes_gen_Incertae_sedis;s__Leotiomycetes_sp;sh__SH0956769.09FU	0.9941883789682974
cefbc788650bfb925f051f928d5f30d1	k__Fungi;p__Ascomycota;c__Pezizomycetes;o__Pezizales;f__Pyronemataceae;g__Pulvinula;s__Pulvinula_sp;sh__SH0941643.09FU	0.9999999992257074
89c20bb4d492cbe0317900f23e75b213	k__Fungi;p__Ascomycota;c__Eurotiomycetes;o__Eurotiales;f__Aspergillaceae;g__Talaromyces	0.998373825474648
e9d861af223ec70c9c687f0fc06619d1	k__Fungi;p__Ascomycota;c__Sordariomycetes;o__Hypocreales;f__Nectriaceae;g__Fusarium;s__Fusarium_lateritium;sh__SH1095290.09FU	0.9965242589437553
1bddd7b7848a6f6cd8253b1a6ef295b1	k__Fungi;p__Ascomycota;c__Eurotiomycetes;o__Onygenales;f__Onygenales_fam_Incertae_sedis;g__Onygenales_gen_Incertae_sedis;s__Onygenales_sp;sh__SH0916243.09FU	0.9794770156912691
675807aba6e83c8d961220575d86b5b8	k__Fungi;p__Basidiomycota;c__Agaricomycetes;o__Sebacinales;f__Serendipitaceae;g__Serendipitaceae_gen_Incertae_sedis;s__Serendipitaceae_sp;sh__SH0909780.09FU	0.99994516769278
50e35ad0c0a1737eb62982c6b1deead1	k__Fungi;p__Basidiomycota;c__Agaricomycetes;o__Thelephorales;f__Thelephoraceae	0.9999999994351422
62fcda2c323172511f06f7c7f3594538	k__Fungi;p__Ascomycota;c__Leotiomycetes;o__Thelebolales;f__Pseudeurotiaceae	0.948990115895979
a3db48837945caba6575a4856eda7a01	k__Fungi;p__Ascomycota;c__Pezizomycetes;o__Pezizales;f__Pulvinulaceae;g__Pulvinulaceae_gen_Incertae_sedis;s__Pulvinulaceae_sp	0.9881076399912404
e8b5bc2e2a71c93c6f9c41fee4626b26	k__Fungi;p__Ascomycota;c__Eurotiomycetes;o__Chaetothyriales;f__Herpotrichiellaceae;g__Herpotrichiellaceae_gen_Incertae_sedis;s__Herpotrichiellaceae_sp;sh__SH0891936.09FU	0.7973735865685415
1b3753029acde9bf8c79555f4589fcb0	k__Fungi;p__Ascomycota;c__Leotiomycetes;o__Helotiales;f__Helotiales_fam_Incertae_sedis;g__Helotiales_gen_Incertae_sedis;s__Helotiales_sp;sh__SH0963023.09FU	0.8687871656616547
5f3c7636d0f6baff58d9eff70513ea4d	k__Fungi;p__Basidiomycota;c__Agaricomycetes;o__Thelephorales;f__Thelephoraceae;g__Tomentella;s__Tomentella_sp	0.9706581261282983
69a5765884d906e722dc8d2125fc6a37	k__Fungi;p__Basidiomycota;c__Agaricomycetes;o__Agaricales;f__Hymenogastraceae;g__Hebeloma;s__Hebeloma_sp	0.7310542277106714
977f17a22f157e57b025e69ab5a5e522	k__Eukaryota_kgd_Incertae_sedis;p__Eukaryota_phy_Incertae_sedis;c__Eukaryota_cls_Incertae_sedis;o__Eukaryota_ord_Incertae_sedis;f__Eukaryota_fam_Incertae_sedis;g__Eukaryota_gen_Incertae_sedis;s__Eukaryota_sp;sh__SH1204973.09FU	0.9985484981249887
883b52efd1c488ac04d8a83dc33678d4	k__Fungi;p__Ascomycota;c__Eurotiomycetes;o__Chaetothyriales;f__Trichomeriaceae;g__Knufia;s__Knufia_sp	0.9299669525547303
00241b0202e303fcb4794fe4046461fd	k__Eukaryota_kgd_Incertae_sedis;p__Eukaryota_phy_Incertae_sedis;c__Eukaryota_cls_Incertae_sedis;o__Eukaryota_ord_Incertae_sedis;f__Eukaryota_fam_Incertae_sedis;g__Eukaryota_gen_Incertae_sedis;s__Eukaryota_sp;sh__SH1177535.09FU	0.9960527470841058
425b5abf1f1c75c19db802b3beb9d929	k__Fungi;p__Ascomycota;c__Lecanoromycetes;o__Peltigerales;f__Pannariaceae;g__Pectenia;s__Pectenia_sp	0.9999973793683459
560459f43a06622626b62b9ae179c833	k__Fungi;p__Ascomycota;c__Sordariomycetes;o__Hypocreales;f__Nectriaceae	0.9813724279774911
609b7d926ed7620c97b47fa7244a7af9	k__Fungi;p__Ascomycota;c__Eurotiomycetes;o__Chaetothyriales;f__Coccodiniaceae;g__Coccodiniaceae_gen_Incertae_sedis;s__Coccodiniaceae_sp;sh__SH0891930.09FU	0.9999999975518961
ff1aed28982b23c081c44685b2868c73	k__Fungi;p__Ascomycota;c__Sordariomycetes;o__Xylariales;f__Xylariaceae;g__Xylariaceae_gen_Incertae_sedis;s__Xylariaceae_sp;sh__SH1076090.09FU	0.9769997606329224
1f6a4609ac9cc92acc74f7d6443a2e4e	k__Fungi;p__Ascomycota;c__Ascomycota_cls_Incertae_sedis;o__Ascomycota_ord_Incertae_sedis;f__Ascomycota_fam_Incertae_sedis;g__Ascomycota_gen_Incertae_sedis;s__Ascomycota_sp;sh__SH1211811.09FU	0.9999999999949551
8054c7e629523d0c03dc600a80ece3f9	k__Fungi;p__Ascomycota;c__Pezizomycetes;o__Pezizales;f__Pezizales_fam_Incertae_sedis;g__Pezizales_gen_Incertae_sedis;s__Pezizales_sp;sh__SH0944521.09FU	0.9999117692756486
da7fe9d8513f9a44b684279ee4d85c02	k__Fungi;p__Ascomycota;c__Eurotiomycetes;o__Eurotiales;f__Trichocomaceae;g__Sagenomella;s__Sagenomella_sp	0.9983177543355125
e2d38907fc5dd1c26fbbdedf238adae6	k__Fungi;p__Ascomycota;c__Dothideomycetes;o__Pleosporales;f__Pleosporales_fam_Incertae_sedis;g__Pleosporales_gen_Incertae_sedis;s__Pleosporales_sp;sh__SH0968740.09FU	0.9999998899347763
fd761e2cce10eaab502ace963dc8050a	k__Fungi;p__Ascomycota;c__Dothideomycetes;o__Pleosporales;f__Phaeosphaeriaceae;g__Paraphoma;s__Paraphoma_fimeti;sh__SH0930147.09FU	0.9926739368928273
021a94675426bc9521d5933391782099	k__Fungi;p__Ascomycota;c__Sordariomycetes;o__Microascales;f__Halosphaeriaceae;g__Cirrenalia;s__Cirrenalia_sp;sh__SH0898695.09FU	0.9932014610432864
0665f8180986eedad07413ec35695565	k__Fungi;p__Ascomycota;c__Leotiomycetes;o__Helotiales	0.7945369707075757
0d6df6dce2730708f2011d8d73939f08	k__Fungi;p__Basidiomycota;c__Basidiomycota_cls_Incertae_sedis;o__Basidiomycota_ord_Incertae_sedis;f__Basidiomycota_fam_Incertae_sedis;g__Basidiomycota_gen_Incertae_sedis;s__Basidiomycota_sp;sh__SH1044630.09FU	0.7188105304392978
1575a9af0e2ee9fa5e372ba5985f90bf	k__Fungi;p__Ascomycota;c__Leotiomycetes;o__Helotiales	0.9999480888446836
eb17d9ec2dddd28c5902c1b6eac15144	k__Fungi;p__Ascomycota;c__Sordariomycetes;o__Hypocreales;f__Hypocreaceae;g__Hypomyces	0.9992119631747325
588976c30cc63646864e9524b35eec3d	k__Fungi;p__Ascomycota;c__Sordariomycetes;o__Chaetosphaeriales;f__Chaetosphaeriaceae;g__Chloridium;s__Chloridium_submersum;sh__SH0979741.09FU	0.9880994963538795
6fcc3f41f796d76e8e237913cdad7446	k__Fungi;p__Ascomycota;c__Sordariomycetes;o__Coniochaetales;f__Coniochaetaceae;g__Coniochaeta;s__Coniochaeta_sp;sh__SH0906010.09FU	0.995128868181975
767eec018061983ef95a9feb770b1269	k__Fungi;p__Ascomycota;c__Leotiomycetes;o__Helotiales;f__Helotiales_fam_Incertae_sedis;g__Chalara;s__Chalara_sp	0.9999982174778766
8312cbfb688f2bbad3d4655924817ea9	k__Fungi;p__Ascomycota;c__Sordariomycetes;o__Hypocreales;f__Hypocreaceae;g__Trichoderma;s__Trichoderma_sp;sh__SH0961373.09FU	0.9397942059527825
9de09f6ff4f08e81922e51bf57f04727	k__Fungi;p__Ascomycota;c__Leotiomycetes;o__Leotiomycetes_ord_Incertae_sedis;f__Leotiomycetes_fam_Incertae_sedis;g__Leotiomycetes_gen_Incertae_sedis;s__Leotiomycetes_sp;sh__SH1035320.09FU	0.999999999998181
b84e59d6349ac376f856609d1570dad0	k__Fungi;p__Ascomycota;c__Eurotiomycetes;o__Onygenales;f__Ajellomycetaceae;g__Emmonsiellopsis;s__Emmonsiellopsis_sp;sh__SH1111579.09FU	0.9999895274968909
fbc0a4c88ab182f484b4ca3647446831	k__Fungi;p__Ascomycota;c__Dothideomycetes;o__Pleosporales;f__Pleosporaceae;g__Alternaria	0.9992459807942372
161eaeb1be962ee63f8a91d03fa566ad	k__Fungi;p__Ascomycota;c__Eurotiomycetes;o__Chaetothyriales;f__Chaetothyriales_fam_Incertae_sedis;g__Chaetothyriales_gen_Incertae_sedis;s__Chaetothyriales_sp;sh__SH0944005.09FU	0.7192550399294667
3c02c87dbcc033cb0145bf23a29aa5be	k__Fungi;p__Ascomycota;c__Eurotiomycetes;o__Sclerococcales;f__Dactylosporaceae;g__Dactylospora;s__Dactylospora_sp;sh__SH1043243.09FU	0.99999999986413
4a77a292868c3bc773b60b6cf485fe39	k__Fungi;p__Ascomycota;c__Dothideomycetes;o__Pleosporales;f__Pleosporales_fam_Incertae_sedis;g__Pleosporales_gen_Incertae_sedis;s__Pleosporales_sp;sh__SH1082126.09FU	0.7573982809381605
5156cce7773ce4bc4894290039ed30a1	k__Fungi;p__Ascomycota;c__Eurotiomycetes;o__Eurotiales;f__Aspergillaceae;g__Aspergillus	0.9877180439695379
f6bd5e1526020af09a1fb4a656391a6f	k__Fungi;p__Ascomycota;c__Dothideomycetes;o__Pleosporales;f__Lophiostomataceae;g__Lophiostoma;s__Lophiostoma_sp	0.9999998531924372
417fd1bccd3592b2ad0b034df1d901f5	k__Fungi;p__Ascomycota;c__Ascomycota_cls_Incertae_sedis;o__Ascomycota_ord_Incertae_sedis;f__Ascomycota_fam_Incertae_sedis;g__Ascomycota_gen_Incertae_sedis;s__Ascomycota_sp;sh__SH1145355.09FU	0.9999999181389005
529ec0e0079371ff3baadc5451e57723	k__Fungi;p__Basidiomycota;c__Agaricomycetes;o__Thelephorales;f__Thelephoraceae;g__Thelephora;s__Thelephora_sp;sh__SH0923664.09FU	0.9376189824363613
71cc8f4c6fc9315e2e88d4ab90cc0529	k__Fungi;p__Ascomycota;c__Leotiomycetes;o__Helotiales;f__Myxotrichaceae;g__Oidiodendron;s__Oidiodendron_sp;sh__SH0974162.09FU	0.8778382108104944
9468822bdb9bf8d1d0b22c0146707a73	k__Fungi;p__Ascomycota;c__Dothideomycetes;o__Pleosporales;f__Didymellaceae;g__Didymella	0.7855465979913347
a695e2316087e4ae8605284b7fb1935e	k__Fungi;p__Ascomycota;c__Pezizomycetes;o__Pezizales;f__Pyronemataceae;g__Pyronemataceae_gen_Incertae_sedis;s__Pyronemataceae_sp	0.9980308165055667
b81f088c6b4ba45965cbc870c4ed72fe	k__Fungi;p__Ascomycota;c__Pezizomycetes;o__Pezizales;f__Pyronemataceae;g__Pyronemataceae_gen_Incertae_sedis;s__Pyronemataceae_sp;sh__SH1290512.09FU	0.9999583130674823
c5c49067665a285fc9f110457a7fa1cb	k__Fungi;p__Ascomycota;c__Eurotiomycetes;o__Chaetothyriales;f__Chaetothyriales_fam_Incertae_sedis;g__Chaetothyriales_gen_Incertae_sedis;s__Chaetothyriales_sp;sh__SH1233321.09FU	0.9999996021506884
dacf64d4923a9aebf4d2c42ce4fef531	k__Fungi;p__Ascomycota;c__Leotiomycetes;o__Helotiales;f__Helotiaceae;g__Tetracladium;s__Tetracladium_sp;sh__SH1078669.09FU	0.8541703274512253
dd839fb564b8c7a3490f78a4f42691e7	k__Eukaryota_kgd_Incertae_sedis;p__Eukaryota_phy_Incertae_sedis;c__Eukaryota_cls_Incertae_sedis;o__Eukaryota_ord_Incertae_sedis;f__Eukaryota_fam_Incertae_sedis;g__Eukaryota_gen_Incertae_sedis;s__Eukaryota_sp;sh__SH1177535.09FU	0.9965788039905155
e83445758ff3190a38f25769ed95d454	k__Fungi;p__Ascomycota;c__Eurotiomycetes;o__Chaetothyriales;f__Herpotrichiellaceae;g__Cladophialophora;s__Cladophialophora_sp;sh__SH1165471.09FU	0.9512854937105389
f854928f471f05cc2e63c3d7b19b3fab	k__Fungi;p__Basidiomycota;c__Agaricomycetes;o__Cantharellales;f__Hydnaceae;g__Sistotrema;s__Sistotrema_sp;sh__SH0906250.09FU	0.9576962118417283
7431379f9337a945a079d7b69ba1bacf	k__Fungi;p__Ascomycota;c__Leotiomycetes;o__Helotiales;f__Myxotrichaceae;g__Myxotrichum;s__Myxotrichum_sp;sh__SH0974335.09FU	0.813776401716605
b5840f04058159f88ddfb791b5a9ed9a	k__Fungi;p__Ascomycota;c__Eurotiomycetes;o__Eurotiales;f__Aspergillaceae;g__Penicillium;s__Penicillium_sp	0.899154058638316
cded652cf61b42eee45802c730107959	k__Fungi;p__Ascomycota;c__Eurotiomycetes;o__Chaetothyriales;f__Chaetothyriales_fam_Incertae_sedis;g__Chaetothyriales_gen_Incertae_sedis;s__Chaetothyriales_sp	0.9999754023247781
ed5b9efb05420099f68e4dfc97aad9de	k__Fungi;p__Ascomycota;c__Pezizomycetes;o__Pezizales;f__Pyronemataceae;g__Boubovia;s__Boubovia_sp;sh__SH0890952.09FU	0.9999999674121517
01aebb8870e735d1d69f1b67527ad2fb	k__Fungi;p__Ascomycota;c__Eurotiomycetes;o__Eurotiales;f__Trichocomaceae;g__Ascospirella;s__Ascospirella_lutea;sh__SH0958894.09FU	0.9993594717166234
03412b807d2f1681bb16af2195fe04dd	k__Fungi;p__Ascomycota;c__Eurotiomycetes	0.9790903001105014
0bc0351004a4df54c7b0640b1337d7db	k__Fungi;p__Ascomycota;c__Dothideomycetes;o__Pleosporales;f__Phaeosphaeriaceae;g__Ophiosphaerella;s__Ophiosphaerella_sp;sh__SH0992271.09FU	0.9923655834704245
0cc17d2e77df8a31e242d39011c64935	k__Fungi;p__Ascomycota;c__Eurotiomycetes;o__Onygenales;f__Gymnoascaceae;g__Gymnoascus;s__Gymnoascus_reessii	0.9591882540764761
2be8dd09e7f76a24603b20d01c51fd05	k__Fungi;p__Ascomycota;c__Leotiomycetes;o__Helotiales;f__Helotiales_fam_Incertae_sedis;g__Leohumicola;s__Leohumicola_sp;sh__SH0982824.09FU	0.8027996039035133
35ed65cf2408d58e67ce298bec3cee2f	k__Fungi;p__Ascomycota;c__Dothideomycetes;o__Dothideomycetes_ord_Incertae_sedis;f__Dothideomycetes_fam_Incertae_sedis;g__Dothideomycetes_gen_Incertae_sedis;s__Dothideomycetes_sp;sh__SH0939423.09FU	0.8816114155838601
37e3654309437bab34e791b3283adb77	k__Fungi;p__Ascomycota;c__Pezizomycetes;o__Pezizales;f__Pyronemataceae;g__Pyronemataceae_gen_Incertae_sedis;s__Pyronemataceae_sp;sh__SH0944236.09FU	0.9909071108747531
37e98a8a59d8c6b298a4ab4bb599be4c	k__Fungi;p__Ascomycota;c__Eurotiomycetes;o__Chaetothyriales;f__Herpotrichiellaceae;g__Herpotrichiellaceae_gen_Incertae_sedis;s__Herpotrichiellaceae_sp;sh__SH0970625.09FU	0.9999990542700554
3fbf29737de0a6cd385b3724e9ee0535	k__Fungi;p__Ascomycota	0.9999999998692707
49d934d72a47a94c796077b03499a396	k__Fungi;p__Basidiomycota;c__Agaricomycetes;o__Agaricales;f__Hymenogastraceae;g__Hymenogaster;s__Hymenogaster_rubyensis;sh__SH0942224.09FU	0.9433368289833615
7966d7f426fb37572b20628560887762	k__Fungi;p__Ascomycota;c__Dothideomycetes;o__Pleosporales;f__Melanommataceae;g__Herpotrichia	0.7109150578570586
81105976cd56579c6a1267690ff6ec15	k__Fungi;p__Ascomycota;c__Sordariomycetes;o__Sordariales;f__Sordariales_fam_Incertae_sedis;g__Sordariales_gen_Incertae_sedis;s__Sordariales_sp;sh__SH0968844.09FU	0.998927135136564
826c06f8e2c19ff13ce780e59ea78d9e	k__Fungi;p__Ascomycota;c__Leotiomycetes;o__Helotiales;f__Myxotrichaceae;g__Oidiodendron	0.7863747567756205
8d538a051f32c24b64549072c208bad9	k__Fungi;p__Ascomycota;c__Leotiomycetes;o__Helotiales;f__Helotiales_fam_Incertae_sedis;g__Helotiales_gen_Incertae_sedis;s__Helotiales_sp;sh__SH0962910.09FU	0.9992365330774413
ad765e6d39aa1c7a3811388dd6c850c6	k__Eukaryota_kgd_Incertae_sedis;p__Eukaryota_phy_Incertae_sedis;c__Eukaryota_cls_Incertae_sedis;o__Eukaryota_ord_Incertae_sedis;f__Eukaryota_fam_Incertae_sedis;g__Eukaryota_gen_Incertae_sedis;s__Eukaryota_sp;sh__SH1127870.09FU	0.9415919385848949
ada81c522df77d37786ce5f2d6cc83f6	k__Fungi;p__Ascomycota;c__Dothideomycetes;o__Pleosporales	0.9999956268630574
b8a89d22d159aacd7ce1bf3147932396	k__Fungi;p__Fungi_phy_Incertae_sedis;c__Fungi_cls_Incertae_sedis;o__Fungi_ord_Incertae_sedis;f__Fungi_fam_Incertae_sedis;g__Fungi_gen_Incertae_sedis;s__Fungi_sp;sh__SH1330165.09FU	0.9999978427106803
bd445c4f62d5e44ce0877439d8fa7344	k__Fungi;p__Ascomycota;c__Eurotiomycetes;o__Chaetothyriales;f__Herpotrichiellaceae;g__Cladophialophora;s__Cladophialophora_sp;sh__SH1289196.09FU	0.9982083731423614
bf0e6930c1d391b0744ffebc3ba29ad7	k__Eukaryota_kgd_Incertae_sedis;p__Eukaryota_phy_Incertae_sedis;c__Eukaryota_cls_Incertae_sedis;o__Eukaryota_ord_Incertae_sedis;f__Eukaryota_fam_Incertae_sedis;g__Eukaryota_gen_Incertae_sedis;s__Eukaryota_sp;sh__SH1056350.09FU	0.9323899712131942
c17dc495ec7fac4acef42d36c8fb749c	k__Fungi;p__Ascomycota;c__Eurotiomycetes;o__Chaetothyriales;f__Chaetothyriales_fam_Incertae_sedis;g__Chaetothyriales_gen_Incertae_sedis;s__Chaetothyriales_sp;sh__SH0964596.09FU	0.886526616259651
cf7ad49bc3efc2b8f7672dd47429f081	k__Fungi;p__Ascomycota;c__Sordariomycetes;o__Hypocreales;f__Nectriaceae;g__Cosmospora;s__Cosmospora_viridescens	0.7503031284538052
fea945960a6a58605ee3698b172755ec	k__Fungi;p__Ascomycota;c__Eurotiomycetes;o__Chaetothyriales;f__Herpotrichiellaceae;g__Rhinocladiella;s__Rhinocladiella_sp;sh__SH1289156.09FU	0.794726670936213
205c695fec9545cddc54207c2866a5a2	k__Fungi;p__Ascomycota;c__Eurotiomycetes;o__Chaetothyriales;f__Chaetothyriales_fam_Incertae_sedis;g__Chaetothyriales_gen_Incertae_sedis;s__Chaetothyriales_sp;sh__SH1032759.09FU	0.9999999999994742
4c7862261fdd7ea8ee6178c38e665cf7	k__Fungi;p__Ascomycota;c__Leotiomycetes;o__Helotiales;f__Hyaloscyphaceae;g__Cistella;s__Cistella_sp	0.9999978730418436
608b84d9a364463d46fbf56f0598f925	k__Fungi;p__Ascomycota;c__Dothideomycetes;o__Pleosporales;f__Sporormiaceae;g__Preussia;s__Preussia_sp;sh__SH1085475.09FU	0.965577506248925
6e1268602ba6b82660b13c9dadefc697	k__Fungi;p__Basidiomycota;c__Agaricomycetes;o__Thelephorales;f__Thelephoraceae;g__Tomentella;s__Tomentella_sp	0.9491070083931856
72c568e5a5b98f80b3d0126e4e34f7bc	k__Fungi;p__Ascomycota;c__Eurotiomycetes;o__Chaetothyriales;f__Herpotrichiellaceae;g__Herpotrichiellaceae_gen_Incertae_sedis;s__Herpotrichiellaceae_sp;sh__SH0969315.09FU	0.9999999473506178
82d99490cafe40d46f5501147c1ef00e	k__Fungi;p__Ascomycota;c__Sordariomycetes;o__Hypocreales;f__Nectriaceae;g__Mariannaea;s__Mariannaea_atlantica;sh__SH2333038.09FU	0.7343134545297444
89b2da85f8a23d8672ffc2253708b8e4	k__Fungi;p__Ascomycota;c__Archaeorhizomycetes;o__Archaeorhizomycetales;f__Archaeorhizomycetaceae;g__Archaeorhizomyces;s__Archaeorhizomyces_sp;sh__SH1039593.09FU	0.8643289811144566
94781997d19a08cd6bac98ab267e5b08	k__Fungi;p__Ascomycota;c__GS37;o__GS37_ord_Incertae_sedis;f__GS37_fam_Incertae_sedis;g__GS37_gen_Incertae_sedis;s__GS37_sp;sh__SH1044468.09FU	0.936282043637847
c5d8525527f0a00a96528ef7e735094b	k__Eukaryota_kgd_Incertae_sedis;p__Eukaryota_phy_Incertae_sedis;c__Eukaryota_cls_Incertae_sedis;o__Eukaryota_ord_Incertae_sedis;f__Eukaryota_fam_Incertae_sedis;g__Eukaryota_gen_Incertae_sedis;s__Eukaryota_sp;sh__SH1190063.09FU	0.8611021326206112
e11bf2b60df0b4b929da8008d87a0ab0	k__Fungi;p__Ascomycota;c__Sordariomycetes;o__Hypocreales;f__Clavicipitaceae;g__Pochonia;s__Pochonia_sp;sh__SH1111055.09FU	0.9857185135626924
eb4205ca31d546cda759ab3e36d81f60	k__Fungi;p__Ascomycota;c__Leotiomycetes;o__Helotiales	0.9999999559246041
029ecf55ab2ad0aa410842867ed52db9	k__Fungi;p__Ascomycota;c__Ascomycota_cls_Incertae_sedis;o__Ascomycota_ord_Incertae_sedis;f__Ascomycota_fam_Incertae_sedis;g__Ascomycota_gen_Incertae_sedis;s__Ascomycota_sp;sh__SH0955167.09FU	0.999914933685138
0ce8dcb0cfa30840acb6492e1df6395b	k__Fungi;p__Ascomycota;c__Pezizomycetes;o__Pezizales;f__Pyronemataceae;g__Genabea	0.9999999998481379
1491199c134759f403a82d349fcf819a	k__Eukaryota_kgd_Incertae_sedis;p__Eukaryota_phy_Incertae_sedis;c__Eukaryota_cls_Incertae_sedis;o__Eukaryota_ord_Incertae_sedis;f__Eukaryota_fam_Incertae_sedis;g__Eukaryota_gen_Incertae_sedis;s__Eukaryota_sp;sh__SH1091395.09FU	0.9995303974769236
17d5a05a66b033f7abd8b670eda3f799	k__Fungi;p__Ascomycota;c__Sordariomycetes;o__Hypocreales;f__Cordycipitaceae;g__Beauveria;s__Beauveria_sp;sh__SH1275749.09FU	0.8874454057142598
1b111e5ee21c4f39d0d69f48b5f25ca2	k__Fungi;p__Ascomycota;c__Dothideomycetes;o__Venturiales;f__Venturiaceae;g__Venturia	0.9792774742165499
4b59199f94880ba36d33fe1fff98d588	k__Eukaryota_kgd_Incertae_sedis;p__Eukaryota_phy_Incertae_sedis;c__Eukaryota_cls_Incertae_sedis;o__Eukaryota_ord_Incertae_sedis;f__Eukaryota_fam_Incertae_sedis;g__Eukaryota_gen_Incertae_sedis;s__Eukaryota_sp;sh__SH1297888.09FU	0.9990519432658916
4c4b056ca3a9fdfa4ad8f70fcff2e479	k__Fungi;p__Ascomycota;c__Eurotiomycetes;o__Onygenales;f__Onygenaceae;g__Auxarthron;s__Auxarthron_sp	0.9429356991463829
4d4f24934ae5f0c92c445929a293456c	k__Fungi;p__Basidiomycota;c__Microbotryomycetes;o__Leucosporidiales;f__Leucosporidiaceae;g__Leucosporidium;s__Leucosporidium_sp;sh__SH1294813.09FU	0.7746354310720369
503f9d68de0530519ad3fec9989bf2f1	k__Fungi;p__Ascomycota;c__Eurotiomycetes;o__Onygenales;f__Onygenales_fam_Incertae_sedis;g__Onygenales_gen_Incertae_sedis;s__Onygenales_sp;sh__SH0915222.09FU	0.8698713923847796
6432601eaa61d9c4b049d2f5289b21e7	k__Fungi;p__Ascomycota;c__Eurotiomycetes;o__Eurotiales;f__Aspergillaceae;g__Talaromyces	0.9959931280785297
72ac3d41738da8b9659591d5da30cd39	k__Eukaryota_kgd_Incertae_sedis;p__Eukaryota_phy_Incertae_sedis;c__Eukaryota_cls_Incertae_sedis;o__Eukaryota_ord_Incertae_sedis;f__Eukaryota_fam_Incertae_sedis;g__Eukaryota_gen_Incertae_sedis;s__Eukaryota_sp;sh__SH1025591.09FU	0.9449330681334294
7588cba7227c5de6e047da6c894ada55	Unassigned	0.33012495238575346
7c7e62ecf9f7b684973fd9969d2fee34	k__Fungi;p__Ascomycota;c__Dothideomycetes;o__Pleosporales;f__Lentitheciaceae;g__Darksidea;s__Darksidea_sp;sh__SH0906674.09FU	0.9581512525443239
8793dff810f6959e5ef62af830fba3e3	k__Fungi;p__Monoblepharomycota;c__Monoblepharomycota_cls_Incertae_sedis;o__Monoblepharomycota_ord_Incertae_sedis;f__Monoblepharomycota_fam_Incertae_sedis;g__Monoblepharomycota_gen_Incertae_sedis;s__Monoblepharomycota_sp;sh__SH1097164.09FU	0.9999840480858102
948343d2ecf31179f923d8fbf6bbdc8e	k__Fungi;p__Basidiomycota;c__Basidiomycota_cls_Incertae_sedis;o__Basidiomycota_ord_Incertae_sedis;f__Basidiomycota_fam_Incertae_sedis;g__Basidiomycota_gen_Incertae_sedis;s__Basidiomycota_sp;sh__SH1223324.09FU	0.7940838134317961
a92bcb622bb266d15498da179ff4c743	k__Fungi;p__Ascomycota;c__Dothideomycetes;o__Pleosporales;f__Pleosporales_fam_Incertae_sedis;g__Pleosporales_gen_Incertae_sedis;s__Pleosporales_sp;sh__SH1056474.09FU	0.9250146220662917
b96f31f182975d2a9bcf821cd60cd32b	k__Fungi;p__Ascomycota;c__Eurotiomycetes;o__Onygenales;f__Arachnomycetaceae;g__Arachnomyces	0.8612276949160257
bede3f5a6eba266e8e4f6464ae478f11	k__Fungi;p__Ascomycota;c__Eurotiomycetes;o__Onygenales;f__Onygenales_fam_Incertae_sedis;g__Onygenales_gen_Incertae_sedis;s__Onygenales_sp	0.9999993606581685
c8868e2d3094fb63f96b11e1510e0dd0	k__Fungi;p__Ascomycota;c__Leotiomycetes;o__Helotiales;f__Myxotrichaceae;g__Oidiodendron;s__Oidiodendron_echinulatum;sh__SH1239675.09FU	0.8043614011487016
d24e54fb78cb086e9d6d5c4370afdded	k__Fungi;p__Ascomycota;c__Leotiomycetes;o__Helotiales;f__Helotiales_fam_Incertae_sedis;g__Helotiales_gen_Incertae_sedis;s__Helotiales_sp;sh__SH1021399.09FU	0.9822201051174031
d547a7d7bbf02b1861f01736504faaaf	k__Fungi;p__Ascomycota;c__Eurotiomycetes;o__Chaetothyriales;f__Trichomeriaceae;g__Bacillicladium;s__Bacillicladium_lobatum;sh__SH0891959.09FU	0.9875934338524026
e7cd8e13222546409996b54101cb53eb	k__Fungi;p__Ascomycota;c__Dothideomycetes;o__Pleosporales;f__Sporormiaceae;g__Sporormiella	0.829108166926257
eda3997fee4401dde43e9c557f75544a	k__Fungi;p__Ascomycota;c__Leotiomycetes;o__Helotiales	0.9208039673079367
f3a8a908c6ad238271c086b9961b8f30	k__Fungi;p__Ascomycota;c__Leotiomycetes;o__Thelebolales;f__Pseudeurotiaceae;g__Connersia;s__Connersia_sp;sh__SH1160650.09FU	0.9158483188525988
ff32456d7f5ec88c30b3dc09f0f73ce1	k__Fungi;p__Ascomycota;c__Eurotiomycetes;o__Chaetothyriales;f__Herpotrichiellaceae;g__Herpotrichiellaceae_gen_Incertae_sedis;s__Herpotrichiellaceae_sp	0.9776095632087752
13bbf9e4b63447c4fb68517f398b7b93	k__Fungi;p__Basidiomycota;c__Agaricomycetes;o__Agaricales;f__Clavariaceae;g__Clavaria;s__Clavaria_sp;sh__SH1264771.09FU	0.9960045322533466
54cd57d33371c5323437caf5e38913c5	k__Fungi;p__Ascomycota;c__Eurotiomycetes;o__Chaetothyriales;f__Herpotrichiellaceae;g__Herpotrichiellaceae_gen_Incertae_sedis;s__Herpotrichiellaceae_sp;sh__SH0952234.09FU	0.9999775382463959
5bc95940e1828964b302375c34d36841	k__Fungi;p__Ascomycota;c__Eurotiomycetes;o__Chaetothyriales;f__Herpotrichiellaceae;g__Herpotrichiellaceae_gen_Incertae_sedis;s__Herpotrichiellaceae_sp;sh__SH0970619.09FU	0.820694431694557
6a4e6d6eb1c65c3256e27df6abfe1410	k__Fungi;p__Ascomycota;c__Eurotiomycetes;o__Chaetothyriales;f__Herpotrichiellaceae;g__Cladophialophora;s__Cladophialophora_sp;sh__SH0910546.09FU	0.999999883081365
71b4f7a7112402a75a69083510eefcc1	k__Fungi;p__Ascomycota;c__Dothideomycetes;o__Pleosporales;f__Massarinaceae;g__Helminthosporium;s__Helminthosporium_sp;sh__SH0952906.09FU	0.9982964761406026
737d4d25fe9f8e997e447e276c999dbf	k__Fungi;p__Ascomycota;c__Dothideomycetes;o__Pleosporales;f__Phaeosphaeriaceae;g__Ophiosphaerella;s__Ophiosphaerella_sp;sh__SH1092032.09FU	0.9999991056279518
850b2de065478a905d849c3face80025	k__Fungi;p__Basidiomycota;c__Agaricomycetes;o__Agaricales;f__Hydnangiaceae;g__Laccaria	0.9389627648617135
8ce25048d8bef9a00d8338fdbc59f212	k__Fungi;p__Ascomycota;c__Leotiomycetes;o__Helotiales;f__Myxotrichaceae;g__Oidiodendron;s__Oidiodendron_sp	0.8175699131475764
906ccafce7e2ff64326c81a467b7c747	k__Fungi;p__Ascomycota;c__Leotiomycetes;o__Helotiales;f__Helotiaceae;g__Scytalidium;s__Scytalidium_sp;sh__SH1276418.09FU	0.7820729248158301
b7574394b8166a79489ac84a4caff6d2	k__Eukaryota_kgd_Incertae_sedis;p__Eukaryota_phy_Incertae_sedis;c__Eukaryota_cls_Incertae_sedis;o__Eukaryota_ord_Incertae_sedis;f__Eukaryota_fam_Incertae_sedis;g__Eukaryota_gen_Incertae_sedis;s__Eukaryota_sp;sh__SH1211826.09FU	0.7090629940425734
c875d52afd82692bd15991aec4cb3c00	k__Fungi;p__Ascomycota;c__Sordariomycetes;o__Hypocreales;f__Hypocreales_fam_Incertae_sedis;g__Acremonium;s__Acremonium_sp;sh__SH0885476.09FU	0.9399950138551618
d01b76a4dd71886a7d0177ef172d9c76	k__Fungi;p__Ascomycota;c__Leotiomycetes;o__Helotiales;f__Helotiaceae;g__Scytalidium;s__Scytalidium_lignicola;sh__SH1276280.09FU	0.9513802126892189
0fe0d0c7946fc0b6ca6421398b9919ac	k__Fungi;p__Ascomycota;c__GS35;o__GS35_ord_Incertae_sedis;f__GS35_ord_Incertae_sedis_fam_Incertae_sedis;g__GS35_ord_Incertae_sedis_gen_Incertae_sedis;s__GS35_ord_Incertae_sedis_sp;sh__SH1310872.09FU	0.8598509452174847
111ae4c9b2baefb692c219ccd46ccef0	k__Fungi;p__Ascomycota;c__Sordariomycetes;o__Hypocreales	0.9999999999656545
13661225fb6e616694b3a794e65cb81c	k__Fungi;p__Basidiomycota;c__Agaricomycetes;o__Thelephorales;f__Thelephoraceae;g__Tomentella;s__Tomentella_sp	0.9939145088184382
16a1d35fe9f5a93d745850310552e8fe	k__Fungi;p__Ascomycota;c__Orbiliomycetes;o__Orbiliales;f__Orbiliaceae;g__Arthrobotrys;s__Arthrobotrys_reticulatus;sh__SH1301038.09FU	0.9999956141622703
1b05396fd98e0a6e4205f0503423785e	k__Fungi;p__Basidiomycota;c__Agaricostilbomycetes;o__Agaricostilbales;f__Chionosphaeraceae;g__Chionosphaeraceae_gen_Incertae_sedis;s__Chionosphaeraceae_sp;sh__SH0948753.09FU	0.8311786037562844
249873b16134782a9343d2635691b446	k__Fungi;p__Basidiomycota;c__Tremellomycetes;o__Tremellales;f__Cryptococcaceae;g__Cryptococcus;s__Cryptococcus_festucosus;sh__SH2637952.09FU	0.8617226557301719
2602d03c51017780c3734ab56e02994d	k__Fungi;p__Ascomycota;c__Leotiomycetes;o__Helotiales;f__Ploettnerulaceae;g__Cadophora;s__Cadophora_africana;sh__SH0962894.09FU	0.8674047507406331
27874b9eb552eccda0e3ce7997cddd4a	k__Fungi;p__Basidiomycota;c__Tremellomycetes;o__Tremellales;f__Bulleribasidiaceae;g__Dioszegia;s__Dioszegia_sp;sh__SH1004061.09FU	0.9995312877623912
28c039c725f2c34d2f562e41697de07f	k__Fungi;p__Ascomycota;c__Pezizomycetes;o__Pezizales;f__Tuberaceae;g__Tuber;s__Tuber_sp;sh__SH1204964.09FU	0.736260559165143
29b538c240b1ecdf563f08709cf81233	k__Fungi;p__Ascomycota;c__Archaeorhizomycetes;o__Archaeorhizomycetales;f__Archaeorhizomycetales_fam_Incertae_sedis;g__Archaeorhizomycetales_gen_Incertae_sedis;s__Archaeorhizomycetales_sp;sh__SH1095690.09FU	0.9911704870960504
2fd085ae824d25c1705ed0f78fa9e710	k__Fungi;p__Ascomycota;c__Sordariomycetes;o__Glomerellales;f__Plectosphaerellaceae;g__Plectosphaerella;s__Plectosphaerella_oratosquillae;sh__SH1078110.09FU	0.7840949492398485
2ff66a680480a6fcc2efa8734c42798c	k__Eukaryota_kgd_Incertae_sedis;p__Eukaryota_phy_Incertae_sedis;c__Eukaryota_cls_Incertae_sedis;o__Eukaryota_ord_Incertae_sedis;f__Eukaryota_fam_Incertae_sedis;g__Eukaryota_gen_Incertae_sedis;s__Eukaryota_sp;sh__SH0999190.09FU	0.8935192260603374
4c7225c14bd61d418c5afc7b84f4807b	k__Fungi;p__Basidiomycota;c__Agaricomycetes;o__Agaricales;f__Tricholomataceae;g__Flagelloscypha;s__Flagelloscypha_minutissima;sh__SH1240013.09FU	0.9994206579882384
4e670768a79ccc450db4a3e6d9f65d7b	k__Fungi;p__Ascomycota;c__Dothideomycetes;o__Pleosporales;f__Didymosphaeriaceae;g__Montagnula;s__Montagnula_sp;sh__SH0994799.09FU	0.8124892319995657
56a731dbc462ae31b2deb76d07c73ef9	k__Fungi;p__Ascomycota;c__Eurotiomycetes;o__Onygenales;f__Onygenaceae;g__Auxarthron;s__Auxarthron_sp;sh__SH0886494.09FU	0.7512855456596196
57e0c8456f104ff92a9ece1cb3b4c6df	k__Fungi;p__Ascomycota;c__Eurotiomycetes;o__Chaetothyriales	0.9673818978519257
5a80cbdb7a0dc61f1cdc00a50ff64ac2	k__Fungi;p__Ascomycota;c__Leotiomycetes;o__Helotiales	0.9423393178152628
6113542ffbb1ed3aa4f5a8f43564f0dd	k__Fungi;p__Ascomycota;c__Eurotiomycetes;o__Sclerococcales;f__Sclerococcales_fam_Incertae_sedis;g__Sclerococcales_gen_Incertae_sedis;s__Sclerococcales_sp	0.902974787634787
63d2c25e47405c316618c849351ec729	k__Fungi;p__Ascomycota;c__Sordariomycetes;o__Hypocreales;f__Hypocreales_fam_Incertae_sedis	0.7590332197771894
68109e23509059b52f419fdcb9068a3a	k__Fungi;p__Ascomycota;c__Pezizomycetes;o__Pezizales;f__Pyronemataceae;g__Scutellinia;s__Scutellinia_sp;sh__SH0937133.09FU	0.9285012212376821
6f5bbaaa5f9f2f17005bf1fad82aacf0	k__Fungi;p__Basidiomycota;c__Tremellomycetes;o__Tremellales;f__Bulleribasidiaceae;g__Vishniacozyma;s__Vishniacozyma_victoriae;sh__SH0994206.09FU	0.9846168788442692
6fc8576eef4568a99a29eff7c576499e	k__Fungi;p__Basidiomycota;c__Agaricomycetes;o__Thelephorales;f__Thelephoraceae;g__Tomentella;s__Tomentella_sp	0.9980707000143518
74731d674aed3a43a9bf56814ae77fd6	k__Fungi;p__Ascomycota;c__Dothideomycetes;o__Minutisphaerales;f__Minutisphaeraceae;g__Minutisphaera;s__Minutisphaera_aspera;sh__SH1297879.09FU	0.9667683754093007
77ab3778a744094759ed1108886391e2	Unassigned	0.6902088296337947
79103afd2c6d2097c724320c81431350	k__Fungi;p__Ascomycota;c__Leotiomycetes;o__Helotiales;f__Helotiales_fam_Incertae_sedis;g__Helotiales_gen_Incertae_sedis;s__Helotiales_sp;sh__SH0984246.09FU	0.9999999996886686
79f6011e7eb2209ba6a022d01b841c38	Unassigned	0.5667096768244435
830d6a96f50200a8c7749643fd7b6c92	k__Fungi;p__Ascomycota;c__Sordariomycetes;o__Coniochaetales;f__Coniochaetaceae;g__Coniochaetaceae_gen_Incertae_sedis;s__Coniochaetaceae_sp;sh__SH0905830.09FU	0.9697224064734263
8ce08f5a63c413f35a5b3759cf6f2992	k__Fungi;p__Ascomycota;c__Dothideomycetes;o__Pleosporales;f__Phaeosphaeriaceae;g__Neosetophoma	0.9994877589435197
9323ca222ae5df78252b12be54dbbac6	k__Fungi	0.88544478727564
9893d30ffe4f9d4e4336616d97dc39a9	k__Fungi;p__Basidiomycota;c__Agaricomycetes;o__Sebacinales;f__Sebacinaceae;g__Sebacina;s__Sebacina_sp	0.9997897126541486
9c10127e4b6a701728afb27c2ce2714e	k__Fungi;p__Ascomycota;c__Eurotiomycetes;o__Onygenales;f__Gymnoascaceae;g__Leucothecium;s__Leucothecium_sp;sh__SH1168761.09FU	0.9931095857181261
a39290b41dadfca8f29979c49c5c8969	k__Fungi;p__Basidiomycota;c__Agaricomycetes;o__Agaricales;f__Hymenogastraceae;g__Hebeloma;s__Hebeloma_sp;sh__SH1179176.09FU	0.8574088474817305
ac3f90e74b6dbfa2b782ef6a5e946c73	k__Fungi;p__Ascomycota;c__Sordariomycetes;o__Glomerellales;f__Plectosphaerellaceae;g__Gibellulopsis;s__Gibellulopsis_fusca;sh__SH2495621.09FU	0.933381201700806
b31eac02c1f19e420c76629bbbda5fc0	k__Fungi;p__Ascomycota;c__Leotiomycetes;o__Helotiales	0.9999999986104552
bf3ae65386afe47a4a007d865fe4c4ca	k__Fungi;p__Ascomycota;c__Pezizomycetes;o__Pezizales;f__Ascobolaceae;g__Ascobolaceae_gen_Incertae_sedis;s__Ascobolaceae_sp;sh__SH1045823.09FU	0.956029329820295
c0c4994b793d00759b7b91e3a4c674f8	k__Fungi;p__Ascomycota;c__Leotiomycetes;o__Thelebolales;f__Pseudeurotiaceae	0.9987135658314619
c5f6b357bf5547c191b0d623bbc48523	k__Fungi;p__Ascomycota;c__Dothideomycetes;o__Pleosporales;f__Pleosporales_fam_Incertae_sedis;g__Pleosporales_gen_Incertae_sedis;s__Pleosporales_sp;sh__SH0992145.09FU	0.974111332430815
c897722e0272a47d5cfc32cd295d8952	k__Fungi;p__Basidiomycota;c__Agaricomycetes;o__Agaricales;f__Cortinariaceae;g__Cortinarius;s__Cortinarius_sp	0.9861742337904321
d4b1ca33b14b4694da0fce43b1436dcd	k__Fungi;p__Ascomycota;c__Eurotiomycetes;o__Onygenales;f__Onygenales_fam_Incertae_sedis;g__Onygenales_gen_Incertae_sedis;s__Onygenales_sp	0.9998797500808695
dd29b91b768085e5a5aba8a2ea4d54c6	k__Fungi;p__Rozellomycota;c__Rozellomycota_cls_Incertae_sedis;o__Rozellomycota_ord_Incertae_sedis;f__Rozellomycota_fam_Incertae_sedis;g__Rozellomycota_gen_Incertae_sedis;s__Rozellomycota_sp	0.9997485277802245
dee7ba6a213e6a8f91b0d22c2c37a0bf	k__Fungi;p__Ascomycota;c__Leotiomycetes;o__Helotiales;f__Dermateaceae;g__Cryptosporiopsis;s__Cryptosporiopsis_sp	0.9955912425216005
e3aa8e2b68d546ede707e98b421779c9	k__Fungi;p__Ascomycota;c__Ascomycota_cls_Incertae_sedis;o__Ascomycota_ord_Incertae_sedis;f__Ascomycota_fam_Incertae_sedis;g__Ascomycota_gen_Incertae_sedis;s__Ascomycota_sp;sh__SH1048855.09FU	0.9999999650321605
e94ba0206ce9fa0191d8a1a28719fc0c	k__Fungi;p__Ascomycota;c__Leotiomycetes;o__Helotiales;f__Helotiales_fam_Incertae_sedis;g__Chalara;s__Chalara_sp	0.7685754725037752
eae218530a58e2d0c0af28254d479022	k__Fungi;p__Ascomycota;c__Leotiomycetes;o__Helotiales;f__Leptodontidiaceae;g__Leptodontidium;s__Leptodontidium_sp;sh__SH1276283.09FU	0.7063290140116536
f4233b39f0b84a66aa9b2f5160833afb	k__Fungi;p__Ascomycota;c__Dothideomycetes;o__Pleosporales;f__Melanommataceae;g__Melanommataceae_gen_Incertae_sedis;s__Melanommataceae_sp;sh__SH1082031.09FU	0.9447125556712438
f72014d65ecad8be3061a7b129044619	k__Fungi;p__Ascomycota;c__Dothideomycetes;o__Pleosporales;f__Phaeosphaeriaceae;g__Ophiosphaerella;s__Ophiosphaerella_sp;sh__SH0992256.09FU	0.717407655371196
f757c98dd6c27dfddb90d60c5a97abf7	k__Fungi;p__Ascomycota;c__Sordariomycetes;o__Hypocreales;f__Hypocreales_fam_Incertae_sedis;g__Hypocreales_gen_Incertae_sedis;s__Hypocreales_sp;sh__SH1078444.09FU	0.999365660461843
